6940	Treaties and other international agreements of the United States of America, 1776-1949 /	United States.		United States Government Printing Office,	13 volumes 		JX236 1968 .A5
6940	Treaties and other international agreements of the United States of America, 1776-1949 /	United States.		United States Government Printing Office,	13 volumes 		JX236 1968 .A5
6940	Treaties and other international agreements of the United States of America, 1776-1949 /	United States.		United States Government Printing Office,	13 volumes 		JX236 1968 .A5
6940	Treaties and other international agreements of the United States of America, 1776-1949 /	United States.		United States Government Printing Office,	13 volumes 		JX236 1968 .A5
6940	Treaties and other international agreements of the United States of America, 1776-1949 /	United States.		United States Government Printing Office,	13 volumes 		JX236 1968 .A5
6940	Treaties and other international agreements of the United States of America, 1776-1949 /	United States.		United States Government Printing Office,	13 volumes 		JX236 1968 .A5
6940	Treaties and other international agreements of the United States of America, 1776-1949 /	United States.		United States Government Printing Office,	13 volumes 		JX236 1968 .A5
6940	Treaties and other international agreements of the United States of America, 1776-1949 /	United States.		United States Government Printing Office,	13 volumes 		JX236 1968 .A5
6940	Treaties and other international agreements of the United States of America, 1776-1949 /	United States.		United States Government Printing Office,	13 volumes 		JX236 1968 .A5
6940	Treaties and other international agreements of the United States of America, 1776-1949 /	United States.		United States Government Printing Office,	13 volumes 		JX236 1968 .A5
6940	Treaties and other international agreements of the United States of America, 1776-1949 /	United States.		United States Government Printing Office,	13 volumes 		JX236 1968 .A5
5977	Ideas of history /			Dutton,	2 volumes		D16.8 .N3 1969
5977	Ideas of history /			Dutton,	2 volumes		D16.8 .N3 1969
7751	The Melville log : a documentary life of Herman Melville, 1819-1891 /			Gordian Press,	2 volumes	1,000	PS2385 .L4
7751	The Melville log : a documentary life of Herman Melville, 1819-1891 /			Gordian Press,	2 volumes	1,000	PS2386 .L4
10992	The Negro in American History.			Encyclopaedia Britannica Educational Corp.	3 volumes		E185 .N4
10140	Environmental studies; papers on the politics and public administration of man-environment relationships.			Institute of Public Administration, Indiana University,	4 volumes		HC110.E5 E5
10928	Life and labour of the people in London. 1st series: Poverty.	Booth, Charles,1840-1916.		A.M. Kelley,	5 volumes		HV4088.L8 B7 1969
9889	Sterling-dollar diplomacy; the origins and the prospects of our international economic order,	Gardner, Richard N.		McGraw-Hill		531	HG255 .G259 1969
5313	Twentieth century interpretations of Hard times : a collection of critical essays /			Prentice-Hall		127	PR4561 .G7
5821	Twentieth century interpretations of Lord Jim : a collection of critical essays /			Prentice-Hall		124	PR6005.O4 L735
5314	Twentieth century interpretations of The ambassadors : a collection of critical essays /			Prentice-Hall		125	PS2116.A53 S8
4097	Twentieth century interpretations of The castle : a collection of critical essays /			Prentice-Hall		126	PT2621.A26 S43
3918	Machina ex deo; essays in the dynamism of Western culture	White, Lynn,Jr.,1907-1987.		MIT Press		195	CB358 .W45
4893	American appeasement; United States foreign policy and Germany, 1933-1938.	Offner, Arnold A.		Belknap Press of Harvard University Press,		337	E183.8.G3 O35
8540	Twentieth-century America: recent interpretations.	Bernstein, Barton J.,		Harcourt, Brace &amp; World		578	E741 .B4
11028	The consumer in the Soviet economy.	Hanson, Philip,1936-2022.		Northwestern University Press,		258	HC340.C6 H3
4046	Shaw the dramatist.	Crompton, Louis,1925-2009,		University of Nebraska Press,		270	PR5367 .C7
6733	That shining place : new poems /	Van Doren, Mark,1894-1972,		Hill and Wang		90	PS3543.A557 T45
7128	An introduction to chemical energetics	Thomson, J. J.1856-1940.(Joseph John),		Houghton Mifflin		115	QD501 .T64 1969
5332	Mystery and manners : occasional prose /	O'Connor, Flannery,		Farrar, Straus &amp; Giroux,		248	PS3565.C57 A6 1969
11370	Manuel II Palaeologus (1391-1425); a study in late Byzantine statesmanship	Barker, John W.		Rutgers University Press		667	DF639 .B3
225	The sports and pastimes of the people of England /	Strutt, Joseph,1749-1802.		Singing Tree Press,		377	GV75 .S9 1968
5311	Twentieth century interpretations of The rime of the ancient mariner : a collection of critical essays /			Prentice-Hall		125	PR4479 .B6
2192	The frontier in American literature /			Odyssey Press,		398	PS509.F7 D8 1969
8932	The church and Jesus : a study in history, philosophy, and theology /	Downing, F. Gerald,1935-		A.R. Allenson,		205	BR138 .D73
7469	Faith and doctrine; a contemporary view.	Baum, Gregory,1923-2017.		Newman Press		142	BX1751.2 .B3 1969
4178	What is philosophy of education? /			The Macmillan Company,		319	LB7 .L8
4096	Twentieth century interpretations of Doctor Faustus : a collection of critical essays /			Prentice-Hall		126	PR2664 .F3
1746	Twentieth century interpretations of Much ado about nothing : a collection of critical essays /	Davis, Walter R.1928-2006,(Walter Richard),		Prentice-Hall,		125	PR2828 .D3
4160	The art of Richard Wright /	Margolies, Edward,		Southern Illinois University Press,		186	PS3545.R815 Z76
2612	The concept of health	Read, Donald A.		Holbrook Press		191	RA776 .R308
10501	Speech acts : an essay in the philosophy of language /	Searle, John R.		Cambridge University Press,		210	B840 .S4
7573	History of Nebraska banking; a centennial retrospect,	Kuhn, W. E.1922-(William Earnest),		Bureau of Business Research, College of Business Administration, University of Nebraska,		176	HF1134 .N4
4144	The planning of change.			Holt, Rinehart and Winston		634	HM101 .B45 1969
5118	Team teaching : organization and administration /	Chamberlin, Leslie J.,		C.E. Merrill Pub. Co.,		159	LB1027 .C44
6228	Chopin the composer : his structural art and its influence on contemporaneous music /	Kelley, Edgar Stillman,1857-1944.		Cooper Square Publishers,		197	ML410.C54 K4 1969
5119	Reading independence through word analysis : a pre-test and manual for improving word analysis skills /	Curry, Robert L.1925-(Robert Lee),		Charles E. Merrill Publishing Company,		190	PE1135 .C8
10990	The court comedies of John Lyly : a study in allegorical dramaturgy.	Saccio, Peter.		Princeton University Press,		240	PR2303 .S2
7445	English literature of the late seventeenth century /	Sutherland, James Runcieman,1900-1996,		Oxford University Press,		596	PR437 .S9
2450	The psychology and behaviour of animals in zoos and circuses,	Hediger, Heini,		Dover Publications,		173	QL785 .H366
10824	An ideology in power : reflections on the Russian Revolution /	Wolfe, Bertram D.1896-1977.(Bertram David),		Stein and Day,		414	DK265 .W58
11715	The rhetoric of the civil-rights movement /			Random House		150	E185.615 .B6
4605	The rhetoric of Black power /			Harper &amp; Row		215	E185.615 .S34
4719	Principles of geomorphology	Easterbrook, Don J.,1935-		McGraw-Hill		470	GB55 .E2
4719	Principles of geomorphology	Easterbrook, Don J.,1935-		McGraw-Hill		470	GB55 .E2
306	Transport and national goals.			Brookings Institution, Transport Research Program		209	HE148.5 .T7
4048	Advertising; its role in modern marketing	Dunn, S. Watson1918-1997.(Samuel Watson),		Holt, Rinehart and Winston		637	HF5823 .D78 1969
1921	Fertility and family planning; a world view.			University of Michigan Press		511	HQ766 .F47
3914	The rehabilitation planning game: a study in the diversity of neighborhood.	Keyes, Langley Carleton,1938-		[MIT Press],		261	HT177.B6 K4
5250	Demeter's manual of parliamentary law and procedure; for the legal conduct of business in all deliberative assemblies.	Demeter, George,1896-		Little, Brown		382	JF515 .D4
5485	Measure for measure, as dialectical art,	Bache, William B.		Purdue University Studies,		74	PR2824 .B3
5310	Twentieth century interpretations of The tempest : a collection of critical essays /			Prentice-Hall,		122	PR2833 .S6
4603	Comparative vertebrate histology	Patt, Donald I.1916-2002.(Donald Irving),		Harper &amp; Row		446	QM551 .P3
10416	Plant science; an introduction to world crops			W.H. Freeman		637	SB91 .P55
5593	The age of rock, sounds of the American cultural revolution; a reader.	Eisen, Jonathan,		Random House	volumes 		ML3561.J3 E44
8645	The diary of Anaïs Nin /	Nin, Anaïs,1903-1977.		Harcourt Brace Jovanovich,	volumes 		PS3527.I865 Z5
8645	The diary of Anaïs Nin /	Nin, Anaïs,1903-1977.		Harcourt Brace Jovanovich,	volumes 		PS3527.I865 Z5 supp.
4510	The sources of existentialism as philosophy /			Prentice-Hall		240	B819 .M593
5700	Attitudes toward other religions : some Christian interpretations /	Thomas, Owen C.,1922-		Harper &amp; Row,		246	BR127 .T52
8178	The Book of Job; its origin and purpose	Snaith, Norman H.1898-1982.(Norman Henry),		A.R. Allenson		126	BS1415.2 .S6
8890	Invisible empire : the story of the Ku Klux Klan, 1866-1871 /	Horn, Stanley F.,1889-1980.		J.E. Edwards,		444	E668 .H78 1969
4591	Twelve cities.	Gunther, John,1901-1970.		Harper &amp; Row		380	G140 .G85
1498	The Meaning of courtly love.			State University of New York Press		112	GT2620 .M4
10866	Readings in organizational behavior and human performance,	Cummings, Larry L.,		R.D. Irwin,		799	HF5548.8 .C84
5242	The subversive science : essays toward an ecology of man /			Houghton Mifflin,		463	HM206 .S53
4551	The democratic experience: past and prospects	Niebuhr, Reinhold,1892-1971,		Praeger		202	JC423 .N52
2859	Demagogues in the depression; American radicals and the Union Party, 1932-1936,	Bennett, David Harry,1935-		Rutgers University Press		351	JK2391.U5 B4
3772	Bach's world /	Chiapusso, Jan.		Indiana University Press		348	ML410.B1 C43
11599	American architecture since 1780 : guide to the styles /	Whiffen, Marcus.		M.I.T. Press,		323	NA705 .W47
11619	Mark Twain's Mysterious stranger manuscripts /	Twain, Mark,1835-1910.		University of California Press,		617	PS1322.C59 M9
11255	Noise and man.	Burns, William,1909-2004.		Lippincott		346	RA772.N7 B8
968	Why people go to psychiatrists.	Kadushin, Charles.		Atherton Press,		383	RC480.5 .K32
4099	Personal space : the behavioral basis of design /	Sommer, Robert,		Prentice-Hall, Inc.,		188	BF469 .S64
2445	The origin of our knowledge of right and wrong.	Brentano, Franz,1838-1917.		Humanities Press		182	BJ37 .B813 1969b
790	The Bhagavad Gītā /			Holt, Rinehart and Winston,		203	BL1130.A4 D4
5437	Italy; a modern history.	Mack Smith, Denis,1920-2017.		University of Michigan Press		583	DG467 .M3 1969
5079	Humanity and modern sociological thought	Cuzzort, R. P.1926-1999.(Raymond Paul),		Holt, Rinehart, and Winston		361	HM19 .C84
6779	The unperfect society: beyond the new class	Djilas, Milovan,1911-1995.		Harcourt, Brace &amp; World		278	HX44 .D46
2709	Behavioralism in political science /	Eulau, Heinz,1915-2004.		Atherton Press,		169	JA74 .E882
5495	Alfred Deller : a singularity of voice /	Hardwick, Michael,1924-1991,		F.A. Praeger,		215	ML420.D44 H4 1969
4511	Speech in the classroom	Ecroyd, Donald H.		Prentice-Hall		191	PN4121 .E3 1969
1047	The French novel from eighteen hundred to the present /	Engler, Winfried.		Frederick Ungar Publishing Co.,		297	PQ631 .E5213 1969
3841	Mark Twain's Hannibal, Huck &amp; Tom /	Twain, Mark,1835-1910.		University of Calif. Press,		511	PS1302 .B49
648	Dimensions of the modern novel : German texts and European contexts /	Ziolkowski, Theodore,		Princeton University Press,		389	PT772 .Z5
11690	An intuitive approach to elementary geometry /	Stubblefield, Beauregard,1923-		Brooks/Cole Pub. Co.,		265	QA445 .S83
2593	Attitude change; a critical analysis of theoretical approaches	Kiesler, Charles A.,1934-2002.		Wiley		398	BF323.C5 K5
5017	Approaches to thought.			C.E. Merrill Pub. Co.		349	BF455 .A6 1969
10276	All believers are brothers.	Gammon, Roland.		Doubleday,		356	BJ1548 .G3
5932	History, the last things before the last.	Kracauer, Siegfried,1889-1966.		Oxford University Press,		281	D16 .K87 1969
4015	Sport, culture, and society : a reader on the sociology of sport /			Macmillan Publishing Co., Inc. ;		476	GV706 .L6
810	Statistical methods for business decisions	Clark, Charles Tallifero.		South-western Pub. Co.		957	HA29 .C59
5837	Interpersonal attraction	Berscheid, Ellen.		Addison-Wesley		141	HM132 .B47
7715	Tension in the cities; three programs for survival	Bayton, James A.1912-1990.(James Arthur),		Chilton Book Co.		282	HN59 .B3
5474	Marriage; an examination of the man-woman relationship	Lantz, Herman R.,		Wiley		524	HQ728 .L39 1969
11626	Dissent in the Supreme Court : a chronology /	Jackson, Percival E.,1891-1970.		University of Oklahoma Press,		595	KF8748 .J27
11711	Modern studies in English : readings in transformational grammar /			Prentice-Hall,		493	PE1106 .R4
5526	Lillian Gish : the movies, Mr. Griffith, and me /	Gish, Lillian,1893-1993,		Prentice-Hall, Inc.,		462	PN2287.G55 A3
4159	Nineteenth-century French romantic poets /	Denommé, Robert Thomas.		Southern Illinois University Press		188	PQ434 .D4
3024	Henry the Fourth. an Authorized Text, Cultural Contexts, Extracts from the Major Sources, Essays in Criticism, Bibliography /	Shakespeare, William,1564-1616,		W.W. Norton &amp; Company Inc.,		425	PR2810.A2 S3 1969
6324	Negro playwrights in the American theatre, 1925-1959 /	Abramson, Doris E.		Columbia University Press,		347	PS351 .A2
5894	The poet and her book : a biography of Edna St. Vincent Millay /	Gould, Jean,1909-1993.		Dodd, Mead &amp; Company,		320	PS3525.I495 Z64
178	Red and black : a new translation, backgrounds and sources, criticism /	Stendhal,1783-1842.		W.W. Norton &amp; Company,		584	PQ2435 .R43
4270	Egypt and Cromer; a study in Anglo-Egyptian relations.	Sayyid-Marsot, Afaf Lutfi.		Praeger		249	DT107.6 .S37 1969
7349	Rights in conflict; Chicago's 7 brutal days.	Walker, Daniel,1922-2015.		Grosset &amp; Dunlap		246	F548.42 .W3 1968
4662	Decision theory and information systems; an introduction to management decision making	Greenwood, William T.		South-western Pub. Co.		831	HD69.D4 G67
6471	Interpersonal communication in the modern organization			Prentice-Hall		328	HF5549.5.C6 I57
3821	The children of the dream.	Bettelheim, Bruno,		Macmillan,		376	HQ792.P3 B47
10809	The life and legal writings of Hugo Grotius.	Dumbauld, Edward,1905-1997.		University of Oklahoma Press		219	K.G76 D8
4836	Union and liberty: a documentary history of American constitutionalism	Dewey, Donald O.1930-(Donald Odell),		McGraw-Hill		341	KF4541.A7 D4
6462	Issues and advances in educational psychology : a book of readings /			F.E. Peacock		540	LB1055 .T63
1891	Seventeenth century French literature: poetry, theater, novel : a critical anthology /			McGraw-Hill		415	PQ1126 .E8
6440	Walking to sleep : new poems and translations /	Wilbur, Richard,1921-2017,		Harcourt Brace Jovanovich, Inc.,		92	PS3545.I32165 W3
10988	Historicism once more; problems &amp; occasions for the American scholar.	Pearce, Roy Harvey.		Princeton University Press,		370	PS88 .P37
7442	The history of the abacus /	Pullan, J. M.		F.A. Praeger,		140	QA75 .P8 1969
11054	Lectures in medical psychology; an introduction to the care of patients	Bibring, Grete L.1899-1977,(Grete Lehner),		International Universities Press		303	BF173 .B47
4528	Fear of failure	Birney, Robert C.,1925-		Van Nostrand-Reinhold Co.		294	BF575.F14 B5
6814	A history of Germany, 1815-1945 /	Carr, William,1921-1991.		St. Martin's Press,		476	DD232 .C35 1969
10847	Freedom in jeopardy : the tyranny of idealism /	Van Sickle, John V.1892-1975.(John Valentine),		World Pub. Co.,		218	HC106 .V35 1969
6415	Cases, readings, and review guide for Principles of management.	Luthans, Fred,		Wiley		221	HD31 .L85
6156	Successful advertising management.	Obermeyer, Henry.		McGraw-Hill,		255	HF5823 .O22
9907	Urban structure; the social and spatial character of cities.	Thomlinson, Ralph.		Random House		349	HT151 .T48
10880	The acoustical foundations of music /	Backus, John.		W.W. Norton,		326	ML3805.B245 A3
1345	The continuity of music : a history of influence /	Kolodin, Irving,1908-1988,		A.A. Knopf,		380	MT6.K795 C7
9033	Early doors : my life and the theatre /	Burton, Philip,1904-1995.		Dial Press,		252	PN2598 .B792
1873	Development of American journalism /	Kobre, Sidney,1907-1995.		W.C. Brown Co.		781	PN4855 .K585
5853	Hadrian VII : a play /	Luke, Peter.		A. Knopf,		138	PR6062.U4 H3 1969
625	Cancer ward /	Solzhenit︠s︡yn, Aleksandr Isaevich,1918-2008.		Farrar, Straus and Giroux,		574	PG3488.O4 C3
749	The Japan Expedition, 1852-1854 : the personal journal of Commodore Matthew C. Perry /	Perry, Matthew Calbraith,1794-1858.		Smithsonian Institution Press,		260	DS881.8 .P4
5597	Allen Ginsberg in America /	Kramer, Jane,		Random House,		221	PS3513.I74 Z7
4802	I'm OK, you're OK : a practical guide to transactional analysis /	Harris, Thomas A.1910-1995.(Thomas Anthony),		Harper &amp; Row, Publishers,		297	RC480.5 .H32
7714	New essays on religious language /			Oxford University Press,		255	BL65.L2 H53 1969
4431	The war in the air: the Royal Air Force in World War II /			William Morrow &amp; Company,		453	D786 .L93 1969
7702	Primitive Italy and the beginnings of Roman imperialism,	Homo, Léon,1872-1957.		Barnes &amp; Noble		385	DG209 .H653 1968b
4858	An American melodrama : the presidential campaign of 1968 /	Chester, Lewis.		Viking Press,		829	E851 .C45
1731	Economic history of Europe: twentieth century /			Walker and Company,		399	HC240 .C552 1968b
4722	Planning and markets: modern trends in various economic systems.	Nice Conference on Planning and Markets,1966.		McGraw-Hill		433	HD82 .N48
4259	Teaching as a subversive activity /	Postman, Neil,		Delacorte Press,		234	LA217 .P6
4157	Gide's eagles /	Stoltzfus, Ben,1927-		Southern Illinois University Press ;		200	PQ2613.I2 Z73
5750	Data reduction and error analysis for the physical sciences	Bevington, Philip R.,1933-		McGraw-Hill		351	QA278 .B48
5996	Concepts of space : the history of theories of space in physics /	Jammer, Max.		Harvard University Press,		236	QC6 .J3 1969
4368	Developmental behavior; a humanistic approach	Gale, Raymond F.1918-2005.(Raymond Floyd),		Macmillan		616	BF701 .G18
10700	Gardens of war : life and death in the New Guinea stone age /	Gardner, Robert,1925-2014.		Random House		200	DU744.5 .G3
11742	Mathematics for management and finance, with basic and modern algebra,	Shao, Stephen Pinyee,1924-		South-western Pub. Co.		226	HF5691 .S432 1969
2993	Children in the political system: origins of political legitimacy	Easton, David,1917-2014.		McGraw-Hill		456	JA76 .E3
5005	Pedagogues and power : teacher groups in school politics /	Rosenthal, Alan,1932-2013.		[Syracuse University Press],		208	LB2806 .R67
3857	A long row of candles; memoirs and diaries, 1934-1954	Sulzberger, C. L.1912-1993.(Cyrus Leo),		Macmillan		1,077	PN4874.S786 A3
2725	Ernest Hemingway : a life story /	Baker, Carlos,1909-1987,		Charles Scribner's Sons,		713	PS3515.E37 Z575 1969
2181	Catalysis in chemistry and enzymology	Jencks, William P.1927-2007.(William Platt),		McGraw-Hill		660	QD501 .J43
5920	Violent men : an inquiry into the psychology of violence /	Toch, Hans,		Aldine Pub. Co. ;		285	BF575.A3 T6
7211	Dear comrade : Pavel Litvinov and the voices of Soviet citizens in dissent /			Pitman Pub. Corp.		216	DK274 .R38
4261	Japanese poetic diaries /	Miner, Earl,1927-2004.		University of California Press,		228	PL782.E3 M45
1340	Mark Twain's correspondence with Henry Huttleston Rogers, 1893-1909 /	Twain, Mark,1835-1910.		University of California Press,		803	PS1331.A3 R57
7676	The marrow of tradition /	Chesnutt, Charles W.1858-1932,(Charles Waddell),		University of Michigan Press		346	PS1292 .C6
10210	The chemical thermodynamics of organic compounds	Stull, Daniel R.1911-(Daniel Richard),		J. Wiley		882	QD501 .S89
4598	The essence of reasons /	Heidegger, Martin,1889-1976.		Northwestern University Press,		162	B3279.H48 V63
10841	Ramakrishna and the vitality of Hinduism.	Lemaître, Solange.		Funk &amp; Wagnalls		262	BL1270.R3 L43
2075	Middle East politics: the military dimension	Hurewitz, J. C.,1914-2008.		Published for the Council on Foreign Relations by F.A. Praeger		571	DS62.8 .H8
5375	Corporate financial management	Kent, Raymond P.,1909-		R.D. Irwin,		936	HG4011 .K4 1969
2840	The consequences of the war to Great Britain /	Hirst, Francis W.1873-1953.(Francis Wrigley),		Greenwood Press		331	D651.G5 H5 1968
1722	Music for the voice; a descriptive list of concert and teaching material.	Kagen, Sergius,		Indiana University Press,		800	ML128.V7 K3 1968
5623	The third theatre /	Brustein, Robert Sanford,1927-		Alfred A. Knopf,		314	PN2266 .B75
1004	The journals of Claire Clairmont /	Clairmont, Claire,1798-1879,		Harvard University Press,		591	PR5432 .C5
3397	The wounds of Civil War /	Lodge, Thomas,1558?-1625.		University of Nebraska Press		136	PR2659.L6 W6 1969
1935	The Buddhist tradition in India, China &amp; Japan /			Modern Library,		439	BL1405 .D4
6344	Sound and sense : an introduction to poetry /	Perrine, Laurence.		Harcourt, Brace &amp; World,		394	PN1042 .P4 1969
2102	New Black playwrights, an anthology /			Louisiana State University Press,		281	PS634 .C684
6378	Hadrian the Seventh /	Rolfe, Frederick,1860-1913.		Dover Publications,		373	PR5236 .R27 1969
9864	The historian as detective : essays on evidence /			Harper &amp; Row,		567	D13 .W65
6387	France; a modern history.	Guérard, Albert Léon,1880-1959.		University of Michigan Press		629	DC38 .G85 1969
1465	General system theory : foundations, development, applications /	Bertalanffy, Ludwig von,1901-1972,		George Braziller,		319	Q295 .B4
7736	Final report of the scientific study of unidentified flying objects /	University of Colorado (Boulder campus)		Dutton,		991	TL789.C658 1969
10427	The beggar's opera /			University of Nebraska Press		267	ML50.7 .B43 1969
10662	Essays from the Rambler, Adventurer, and Idler /	Johnson, Samuel,1709-1784,		Yale University Press,		393	PR3522 .B3
8521	George Bernard Shaw : his plays /	Mencken, H. L.1880-1956.(Henry Louis),		Edwin V. Glaser,		136	PR5367 .M4
10292	The art of counterpoint : part three of Le istitutioni harmoniche, 1558 /	Zarlino, Gioseffo,1517-1590.		The Vail-Ballous Press,		320	MT55 .Z2313
4218	The course of evolution	Weller, J. Marvin1899-1976.(James Marvin),		McGraw-Hill		722	QH366 .W44
2616	Ghana's foreign policy, 1957-1966; diplomacy, ideology, and the new state,	Thompson, W. Scott1942-(Willard Scott),		Princeton University Press,		489	DT512 .T45
10644	Small town in mass society : class, power and religion in a rural community /	Vidich, Arthur J.,		Princeton University Press,		521	HT431 .V5 1968
4158	Jules Laforgue, essays on a poet's life and work /			Southern Illinois University Press ;		224	PQ2323.L8 Z873
2148	Spherical and practical astronomy : as applied to geodesy /	Mueller, Ivan Istvan,1930-		F. Ungar Pub. Co.,		645	QB145 .M8
5236	The affluent society /	Galbraith, John Kenneth,1908-2006,		Houghton Mifflin Company,		368	HC106.5 .G32 1969
1730	The power of Parliament /	Butt, Ronald.		Walker		502	JN675 1968 .B8
11259	Toynbee's Industrial revolution.	Toynbee, Arnold,1852-1883.		A.M. Kelley,		293	HC254.5 .T73 1969
5378	Critical incidents in management	Champion, John M.		R.D. Irwin,		243	HD31 .C455 1969
10180	Children's behavior /			Exposition Press		436	BF721 .B367
251	The tasks of childhood /	Muller, Philippe,1916-2001,		McGraw-Hill,		255	BF721 .M7913
10047	The idea of criticism /	Tsugawa, Albert Genyo,1927-		Pennsylvania State University,		157	BH39 .T75
6385	Religion and change,	Edwards, David L.1929-(David Lawrence),		Harper &amp; Row		383	BL48 .E35
5940	The foundations of belief /	Dewart, Leslie,		Herder and Herder,		526	BL51 .D417
4619	The universal word; a theology for a universal faith,	Ferré, Nels F. S.1908-1971.(Nels Frederick Solomon),		Westminster Press		282	BL51 .F494
8756	The house of Islam.	Cragg, Kenneth,1913-2012.		Dickenson Pub. Co.		117	BP161.2 .C72
3809	Environmental man /	Kuhns, William,		Harper &amp; Row,		156	BR115.C8 K8
1150	The politics of religious conflict : church and state in America /	Morgan, Richard E.,1937-		Pegasus		156	BR516 .M67
1146	Tradition for crisis : a study in Hosea /	Brueggemann, Walter.		John Knox Press,		164	BS1565.2 .B7
7106	The Bible and history /			Abingdon Press,		370	BS635.2 .B5 1969
4102	God and the world,	Cobb, John B.		Westminster Press		139	BT75.2 .C6
4537	Theology and the kingdom of God /	Pannenberg, Wolfhart,1928-2014.		Westminster Press,		143	BT94 .P33
4980	Theology and the church in the university,	Hartt, Julian Norris.		Westminster Press		204	BV1610 .H33
11394	The Intellectual legacy of Paul Tillich.			Wayne State University Press,		115	BX4827.T53 I5
1025	The meaning of archaeology /	Pallottino, Massimo,		Harry N. Abrams,		348	CC75 .P2713 1968
7740	The historian and the climate of opinion /			Addison-Wesley Pub. Co.		217	D13 .S56
5590	European fascism /			Random House,		387	D726.5 .E87 1969
1770	The Atlantic Community reappraised.			Academy of Political Science, Columbia University,		156	D848 .A85
4697	Hadrian's Wall; a study of the north-west frontier of Rome	Divine, David,1904-1987.		Gambit,		244	DA146 .D5
6000	The voices.	Wechsberg, Joseph,1907-1983,		Doubleday,		113	DB215.6 .W37
5178	The flame of freedom; the German struggle against Hitler.	Zeller, Eberhard.		University of Miami Press		471	DD256.3 .Z413 1969
2298	The Greek historians: Herodotus, Thucydides, Polybius, Plutarch; introduction and selected readings.	Austin, Norman,		Van Nostrand-Reinhold Co.		283	DE8 .A9
2252	The Mongols	Phillips, E. D.1910-(Eustace Dockray),		F.A. Praeger		208	DS19 .P5 1969
2360	Gandhi and modern India /	Moon, Penderel,1905-1987,		Norton,		312	DS481.G3 M63 1969
10882	Gandhi's truth : on the origins of militant nonviolence /	Erikson, Erik H.1902-1994,(Erik Homburger),		Norton,		476	DS481.G3 E7
2236	Mission to Hanoi : a chronicle of double-dealing in high places, a special report from the Center for the Study of Democratic Institutions /	Ashmore, Harry S.,		Putnam,		369	DS557.A692 A7 1968b
4805	Japan unmasked.	Kawasaki, Ichirō.		C.E. Tuttle Co.		231	DS821 .K3128
2313	America through women's eyes.	Beard, Mary Ritter,1876-1958,		Greenwood Press		558	E161 .B42 1969
2853	In review: pictures I've kept : a concise pictorial "autobiography" /	Eisenhower, Dwight D.1890-1969,(Dwight David),		Doubleday,		237	E836 .A33 1969
7201	American foreign policy : three essays /	Kissinger, Henry,1923-		Norton,		143	E840 .K5
3133	Vanishing peoples of the earth /			National Geographic Society,		207	GN340 .V3
10823	Medieval and Tudor costume	Cunnington, Phillis,1887-1974.		Plays, Inc.		77	GT732 .C85 1969
2558	High school runners and their training programs,	McNeff, J. D.		Tafnews Press		128	GV1061 .M25
1769	The encyclopedia of sports /	Menke, Frank G.1885-1954,(Frank Grant),		A.S. Barnes,		1,100	GV567 .M46
7639	Physical activities for the mentally retarded : ideas for instruction.	Joint Committee of the Lifetime Sports Education Project and the Project on Recreation and Fitness for the Mentally Retarded.		Project on Recreation and Fitness for the Mentally Retarded,		137	GV445 .J6
5428	The developing nations : poverty and progress /			H.W. Wilson Co.,		205	HC59.7 .I8
2761	The permanence of change : the story of Bliss &amp; Laughlin Industries /	Robbins, Frederic J.		Newcomen Society in North America,		28	T1 .N45 #842
11174	The ideas that guide us; the story of A.B. Chance Company, Centralia, Missouri	Chance, F. Gano,1905-		Newcomen Society in North America,		20	T1.N45 #848
11251	Tandy Corporation; start on a shoe string	West, James L.,1903-		Newcomen Society in North America,		24	T1.N45 #847
10228	The Business history review; a unique link between the business and scholarly communities	Baughman, James P.1936-(James Porter),		Newcomen Society in North America,		28	T1.N45 #844
6755	Marketing classics : a selection of influential articles /			Allyn and Bacon,		481	HF5415 .E67 1977
2247	A Maine heritage : a brief history of Union Mutual Life Insurance Company, 1848-1968 /	Lane, Carleton G.,1904-		Newcomen Society in North America,		28	T1.N45 #837
8922	Sexual pleasure in marriage,	Rainer, Jerome.		Simon and Schuster		187	HQ31 .R19 1969
8768	Between parent and teenager /	Ginott, Haim G.,		Macmillan,		256	HQ796 .G518 1969
5585	The economy of cities /	Jacobs, Jane,1916-2006.		Random House,		268	HT321 .J32
10667	Civil disobedience : theory and practice /	Bedau, Hugo Adam,		Pegasus,		282	JC328 .B38
3844	The legislative process in the U.S. Senate /			Rand McNally		309	JK1161 .P65
614	Fair trial and free press	Reardon, Paul C.,1909-		American Enterprise Institute for Public Policy Research		181	KF9223.5.A75 R4
10081	A decade of experience under the Iowa water permit system	Hines, N. William(Norman William)		Agricultural Law Center, College of Law, University of Iowa,		99	HD1694.I6 H5
4760	Thinking is child's play.	Sharp, Evelyn.		Dutton,		157	LB1137 .S46
1637	Episcopal colleges; a case for church relationship in education	Hines, John E.1910-1997.(John Elbridge),		Newcomen Society in North America,		24	T1.N45 #823
566	Hollins: an act of faith for 125 years	Logan, John A.,Jr.,1923-2011.		Newcomen Society in North America,		28	T1.N45 #838
1907	The Church Farm School; a dream continued	Shreiner, Charles Wesley.		Newcomen Society in North America,		24	T1.N45 #822
1817	Painting, sculpture, and architecture of ancient Egypt.	Westendorf, Wolfhart.		H.N. Abrams		260	N5350 .W4613
1510	The baroque : principles, styles, modes, themes /	Bazin, Germain,		New York Graphic Society,		368	N6415.B3 B313 1968
3948	Origins and development of kinetic art /	Popper, Frank,1918-2020.		New York Graphic Society		272	N6494.K5 P613
2799	Erotic art; a survey of erotic fact and fancy in the fine arts;	Kronhausen, Phyllis,1929-2012,		Grove Press		312	N8217.E6 K7
2778	Art &amp; education.	Steveni, Michael.		Atherton Press		239	N85 .S74
1725	Egyptian painting and the ancient East.	Boulanger, Robert,1926-		Funk &amp; Wagnalls		207	ND75 .B613
10668	Five plays of Alexander Ostrovsky /	Ostrovsky, Aleksandr Nikolaevich,1823-1886,		Pegasus,		480	PG3337.O8 A23
266	Tango /	Mrożek, Sławomir,		Grove Press,		111	PG7172.R65 T313 1968
1923	Public domain : essays on the theater.	Schechner, Richard,1934-		Bobbs-Merrill,		244	PN1657 .S3
1757	The TV director/interpreter /	Lewis, Colby.		Hastings House,		255	PN1992.75 .L4
8713	With Eisenstein in Hollywood : a chapter of autobiography /	Montagu, Ivor Goldsmid Samuel,1904-1984,		International Publishers,		368	PN1998.A3 E558 1969
10742	Opium and the romantic imagination.	Hayter, Alethea.		University of California Press,		388	PN751 .H3 1968b
5982	Jean Genet: a study of his novels and plays,	Thody, Philip,1928-1999.		Stein and Day		261	PQ2613.E53 Z886
6321	The Ubu plays /	Jarry, Alfred,1873-1907.		Grove Press,		148	PQ2619.A65 A28 1969
4457	The recurring miracle: a study of Cymbeline and the last plays /	Marsh, Derick R. C.1928-(Derick Rupert Clement),		University of Nebraska Press		197	PR2806 .M28 1969
4028	William Shakespeare ; an introduction to his life, times, and theatre.	Ribner, Irving.		Blaisdell Pub. Co.,		280	PR2894 .R5
2267	Critics on Pope /			University of Miami Press,		120	PR3634 .O5 1968b
2266	Critics on Charlotte and Emily Brontë /			University of Miami Press		115	PR4169 .O5 1968
5562	Bloomsbury /	Bell, Quentin,		Basic Books,		126	PR471 .B4
2265	Critics on Keats /			University of Miami Press,		115	PR4837 .O5 1968
5588	Collected longer poems /	Auden, W. H.1907-1973,(Wystan Hugh),		Random House,		356	PR6001.U4 A17 1969
10845	C.S. Lewis: a critical essay.	Kreeft, Peter.		W.B. Eerdmans		48	PR6023.E926 Z76
9854	Stephen Spender, Louis MacNeice, Cecil Day Lewis; a critical essay.	Stanford, Derek.		Eerdmans		48	PR6037.P47 Z85
10305	Henry James at home /	Hyde, H. Montgomery1907-1989.(Harford Montgomery),		Farrar, Straus &amp; Giroux,		322	PS2123 .H9
5330	The complete poems /	Bishop, Elizabeth,1911-1979,		Farrar, Straus and Giroux,		216	PS3503 .I785 1969
5143	Bullet Park : a novel /	Cheever, John,		Alfred A. Knopf,		245	PS3505.H6428 B8
1529	Thornton Wilder /	Papajewski, Helmut,1903-1987.		F. Ungar		206	PS3545.I345 Z833
5406	Edward Albee : playwright in protest /	Rutenberg, Michael E.		DBS Publications,		280	PS3501.L25 Z87
5947	The day the perfect speakers left /	Nathan, Leonard,1924-2007.		Wesleyan University Press		70	PS3527.A73 D3
8001	The American novel since World War II /			Fawcett Publications		287	PS379 .K52
7218	Ada : or, Ardor: a family chronicle /	Nabokov, Vladimir Vladimirovich,1899-1977,		McGraw-Hill Book Company,		589	PG3476.N3 A3
4276	Slaughterhouse-five : or, The children's crusade, a duty-dance with death.	Vonnegut, Kurt.		Delacorte Press,		186	PS3572.O5 S55
8023	Understanding thermodynamics	Van Ness, H. C.(Hendrick C.)		McGraw-Hill		103	QC311 .V285
10202	Introduction to the structure of the earth	Spencer, Edgar W.1931-2020,(Edgar Winston),		McGraw-Hill		597	QE501 .S74
1889	Conservation education unlimited; the Arizona-Sonora Desert Museum	Carr, William H.1902-1985.(William Henry),		Newcomen Society in North America,		24	T1.N45 #827
6019	The psychotherapy of C.G. Jung.	Hochheimer, Wolfgang.		Putnam		160	RC480.5 .H5713
10996	Schizoid phenomena, object-relations, and the self	Guntrip, Harry.		International Universities Press,		437	RC514 .G8
8528	Vision and expression.	Lyons, Nathan,		Horizon Press		175	TR654 .L9
3179	Growing with the paper industry since 1853; the Parsons &amp; Whittemore organization and the Black Clawson Company	Landegger, Karl F.,1905-1976.		Newcomen Society in North America,		24	T1.N45 #850
613	Molding its future with wood and plastic; the story of MPI Industries, inc.	Ryan, Charles B.		Newcomen Society in North America,		24	T1.N45 #832